beyza_tan,beyza1907,Beyzanur,Tan,18,beyza.fb@gmail.com,photos/pp/user1.jpeg,Professional
enes_yildirim,enes1234,Enes,Yildirim,25,enes@gmail.com,photos/pp/user2.jpeg,Free
burak_ozkaya,burak123,Burak,Ozkaya,25,burak@hotmail.com,photos/pp/user3.jpeg,Free
musti,musti123,Mustafa,Aslan,54,mustafa@yahoo.com,photos/pp/user4.jpeg,Hobbyist
serhat_keskin,serhat123,Serhat,Keskin,28,serhat@gmail.com,photos/pp/user5.jpeg,Hobbyist
simay_doruk,simay123,Simay,Doruk,22,simay34@gmail.com,photos/pp/user6.jpeg,Hobbyist
ali_ari,ali3223,Ali,Ari,19,ali_123@hotmail.com,photos/pp/user7.jpeg,Professional
yuksel10yaren,yaren123,Yaren,Yuksel,45,yaren_yuksel@hotmail.com,photos/pp/user8.jpeg,Free
ata_ata,ata4321,Ata,Sertekin,49,ata@gmail.com,photos/pp/user9.jpeg,Professional
ymutlu21,yasin12345,Yasin,Mutlu,46,yasin@yahoo.com,photos/pp/user8.jpeg,Professional
fatma123,fatma123,Fatma,Mutlu,24,fatma@gmail.com,photos/pp/default.png,Hobbyist
serhat123,serhat123,Serhat,Keskin,34,serhat21@gmail.com,photos/pp/user8.jpeg,Hobbyist
